id,name,category,size_m,accel_low_m_s2,accel_high_m_s2,accel_example_m_s2,accel_max_m_s2,max_basis,source_url,citation,notes
nematocyst,Hydra stinging cell,living,1e-5,,,5.3e7,,,https://doi.org/10.1016/j.cub.2006.03.089,"Nuchter T. et al. (2006) Nanosecond-scale kinetics of nematocyst discharge. Current Biology 16, R316",5.41 million g during discharge
mantis-shrimp,Mantis shrimp strike,living,0.01,,,1.02e5,,,https://doi.org/10.1038/428819a,"Patek S.N., Korff W.L. & Caldwell R.L. (2004) Deadly strike mechanism of a mantis shrimp. Nature 428, 819",10400 g
human,Human (pilot),human,1.7,9.81,88.3,88.3,453,human-tolerance,https://doi.org/10.1186/2046-7648-2-19,"Whinnery J.E. & Forster E.M. (2013) The +Gz-induced loss of consciousness curve. Extreme Physiology & Medicine 2, 19",1 g to 9 g sustained with a G-suit; cap 46.2 g brief deceleration (J.P. Stapp 1954)
centrifuge,Ultracentrifuge,human,0.1,,,9.99e6,9.99e6,rated,https://www.beckman.com/centrifuges/ultracentrifuges/optima-max-xp,"Beckman Coulter, Optima MAX-XP benchtop ultracentrifuge specification",1019000 g at the rotor rim
earth,Earth's surface,astro,1.2742e7,,,9.80,,,https://nssdc.gsfc.nasa.gov/planetary/factsheet/,"Williams D.R., NASA Planetary Fact Sheet, NSSDCA (2024)",Surface gravity
jupiter,Jupiter's cloud tops,astro,1.3982e8,,,24.79,,,https://nssdc.gsfc.nasa.gov/planetary/factsheet/,"Williams D.R., NASA Planetary Fact Sheet, NSSDCA (2024)",Surface gravity at 1 bar
sun,Sun's surface,astro,1.3914e9,,,274,,,https://nssdc.gsfc.nasa.gov/planetary/factsheet/sunfact.html,"Williams D.R., NASA Sun Fact Sheet, NSSDCA (2024)",Surface gravity
sun-galactic,Sun's pull toward the galactic centre,astro,1.3914e9,,,2.09e-10,,,https://doi.org/10.3847/1538-4357/aaf648,"Eilers A.-C. et al. (2019) The circular velocity curve of the Milky Way from 5 to 25 kpc. ApJ 871, 120",v^2/R with 229 km/s at 8.122 kpc
sirius-b,White dwarf Sirius B,astro,1.127e7,,,4.25e6,,,https://doi.org/10.3847/1538-4357/aa6af8,"Bond H.E. et al. (2017) The Sirius system and its astrophysical puzzles. ApJ 840, 70",Newtonian GM/R^2 with 1.018 Msun and 0.0081 Rsun
psr-j0740,Neutron star surface,astro,2.478e4,,,2.53e12,,,https://doi.org/10.3847/2041-8213/ac0a81,"Riley T.E. et al. (2021) A NICER view of the massive pulsar PSR J0740+6620. ApJL 918, L27",GR surface gravity for 2.08 Msun and 12.39 km: 70 percent of the bound
sgr-a,Sgr A* horizon,astro,2.53803e10,,,3.54e6,,,https://doi.org/10.1051/0004-6361/202142465,"GRAVITY Collaboration (2022) Mass distribution in the Galactic Centre. A&A 657, L12",Surface gravity c^4/4GM: on the bound
m87,M87* horizon,astro,3.8392e13,,,2340,,,https://doi.org/10.3847/2041-8213/ab0ec7,"Event Horizon Telescope Collaboration (2019) First M87 Event Horizon Telescope Results. I. ApJL 875, L1",Surface gravity c^4/4GM: on the bound
lwfa-electron,Laser-wakefield electron,lab,2.42631e-12,,,7.0e21,,,https://doi.org/10.1103/PhysRevLett.122.084801,"Gonsalves A.J. et al. (2019) Petawatt laser guiding and electron beam acceleration to 8 GeV in a laser-heated capillary discharge waveguide. PRL 122, 084801",8 GeV in 20 cm: proper acceleration eE/m_e; size is the Compton wavelength
moon,Moon's surface,astro,3.4748e6,,,1.62,,,https://nssdc.gsfc.nasa.gov/planetary/factsheet/,"Williams D.R., NASA Planetary Fact Sheet, NSSDCA (2024)",Surface gravity
