id,name,category,length_m,mass_low_kg,mass_high_kg,mass_example_kg,mass_max_kg,max_basis,source_url,citation,notes
hemoglobin,Hemoglobin,molecule,5.29e-9,,,1.071e-22,,,https://doi.org/10.1007/s12575-009-9008-x,"Erickson H.P. (2009) Size and shape of protein molecules at the nanometer level determined by sedimentation, gel filtration, and electron microscopy. Biol Proced Online 11, 32",64.5 kDa; minimal sphere diameter 2 x 0.066 M^(1/3) nm
ribosome,Bacterial ribosome,molecule,2.1e-8,,,4.15e-21,,,https://doi.org/10.1126/science.1117230,"Schuwirth B.S. et al. (2005) Structures of the bacterial ribosome at 3.5 A resolution. Science 310, 827",E. coli 70S: about 2.5 MDa and 21 nm
sars-cov-2,SARS-CoV-2,virus,1e-7,,,1e-18,,,https://doi.org/10.7554/eLife.57309,"Bar-On Y.M. et al. (2020) SARS-CoV-2 (COVID-19) by the numbers. eLife 9, e57309",About 100 nm and 1 fg
pelagibacter,Pelagibacter ubique,cell,6e-7,,,1.1e-17,,,https://doi.org/10.1038/nature00917,"Rappe M.S. et al. (2002) Cultivation of the ubiquitous SAR11 marine bacterioplankton clade. Nature 418, 630",Among the smallest free-living cells: about 0.01 um3
e-coli,E. coli,cell,2e-6,,,1e-15,,,https://book.bionumbers.org/how-big-is-an-e-coli-cell-and-what-is-its-mass/,"Milo R. & Phillips R. (2015) Cell Biology by the Numbers: How big is an E. coli cell and what is its mass?",About 1 um3 and 1 pg
etruscan-shrew,Etruscan shrew,animal,0.04,,,2e-3,,,https://doi.org/10.1242/jeb.205.15.2161,"Jurgens K.D. (2002) Etruscan shrew muscle: the consequences of being small. J Exp Biol 205, 2161",Smallest mammal by mass: about 2 g
human,Human adult,animal,1.7,,,62,,,https://doi.org/10.1186/1471-2458-12-439,"Walpole S.C. et al. (2012) The weight of nations: an estimation of adult human biomass. BMC Public Health 12, 439",Global mean adult mass 62 kg
elephant,African bush elephant,animal,3.2,,,6000,,,https://doi.org/10.4202/app.00136.2014,"Larramendi A. (2016) Proboscideans: shoulder height, body mass and shape. Acta Palaeontologica Polonica 61, 537",Adult male: 3.2 m shoulder height and 6 t
patagotitan,Patagotitan (sauropod),animal,37,,,6.9e4,,,https://doi.org/10.1098/rspb.2017.1219,"Carballido J.L. et al. (2017) A new giant titanosaur sheds light on body mass evolution among sauropod dinosaurs. Proc R Soc B 284, 20171219",About 69 t; among the largest land animals ever
blue-whale,Blue whale,animal,33.5,,,1.5e5,,,https://www.fisheries.noaa.gov/species/blue-whale,"NOAA Fisheries, Blue whale species profile",Up to 110 ft and 330000 lb: largest animal ever
general-sherman,General Sherman sequoia,plant,83.8,,,1.27e6,,,https://www.nps.gov/seki/learn/nature/sherman.htm,"U.S. National Park Service, Sequoia & Kings Canyon: The General Sherman Tree",Trunk alone nearly 1400 short tons; largest single-stem tree by volume
armillaria,Armillaria gallica clone,fungus,975,,,4e5,,,https://doi.org/10.1098/rspb.2018.2233,"Anderson J.B. et al. (2018) Clonal evolution and genome stability in a 2500-year-old fungal individual. Proc R Soc B 285, 20182233",At least 400 t spread over about 75 ha
