id,name,category,mass_kg,spin_low_a,spin_high_a,spin_example_a,spin_max_a,max_basis,source_url,citation,notes
a0620,A0620-00,stellar,1.314e31,0.01,0.31,0.12,,,https://doi.org/10.1088/2041-8205/718/2/L122,"Gou L. et al. (2010) The spin of the black hole in the soft X-ray transient A0620-00. ApJL 718, L122",a = 0.12 +/- 0.19 (lower end clipped at 0.01 for display); 6.6 Msun
lmc-x1,LMC X-1,stellar,2.167e31,0.85,0.97,0.92,,,https://doi.org/10.1088/0004-637X/701/2/1076,"Gou L. et al. (2009) A determination of the spin of the black hole primary in LMC X-1. ApJ 701, 1076",10.9 Msun
grs-1915,GRS 1915+105,stellar,2.466e31,0.98,0.998,0.98,,,https://doi.org/10.1086/508457,"McClintock J.E. et al. (2006) The spin of the near-extreme Kerr black hole GRS 1915+105. ApJ 652, 518",a > 0.98; mass 12.4 Msun (Reid et al. 2014)
cyg-x1,Cygnus X-1,stellar,4.215e31,0.9985,0.9998,0.9985,,,https://doi.org/10.1126/science.abb3363,"Miller-Jones J.C.A. et al. (2021) Cygnus X-1 contains a 21-solar mass black hole: implications for massive star winds. Science 371, 1046",21.2 Msun; a > 0.9985 (lower limit shown)
gw150914-final,GW150914 remnant,merger,1.233e32,0.62,0.73,0.67,,,https://doi.org/10.1103/PhysRevLett.116.061102,"Abbott B.P. et al. (2016) Observation of gravitational waves from a binary black hole merger. PRL 116, 061102",62 Msun; spin 0.67 +0.05 -0.07
gw190521-final,GW190521 remnant,merger,2.824e32,0.63,0.81,0.72,,,https://doi.org/10.1103/PhysRevLett.125.101102,"Abbott R. et al. (2020) GW190521: a binary black hole merger with a total mass of 150 Msun. PRL 125, 101102",142 Msun: an intermediate-mass black hole
m87,M87*,supermassive,1.292e40,0.5,0.94,0.9,,,https://doi.org/10.3847/2041-8213/ab0ec7,"Event Horizon Telescope Collaboration (2019) First M87 Event Horizon Telescope Results. I. ApJL 875, L1",6.5e9 Msun; jet power models favour a above 0.5
gro-j1655,GRO J1655-40,stellar,1.253e31,0.65,0.75,0.70,,,https://doi.org/10.1086/498938,"Shafee R. et al. (2006) Estimating the spin of stellar-mass black holes by spectral fitting of the X-ray continuum. ApJ 636, L113",a = 0.65-0.75 from the thermal disk continuum; 6.3 Msun
4u-1543,4U 1543-47,stellar,1.869e31,0.75,0.85,0.80,,,https://doi.org/10.1086/498938,"Shafee R. et al. (2006) Estimating the spin of stellar-mass black holes by spectral fitting of the X-ray continuum. ApJ 636, L113",a = 0.75-0.85; 9.4 Msun
m33-x7,M33 X-7,stellar,3.112e31,0.79,0.89,0.84,,,https://doi.org/10.1086/588840,"Liu J. et al. (2008) Precise measurement of the spin parameter of the stellar-mass black hole M33 X-7. ApJ 679, L37",a = 0.84 +/- 0.05; 15.65 Msun in an eclipsing binary
xte-j1550,XTE J1550-564,stellar,1.809e31,0.01,0.71,0.34,,,https://doi.org/10.1111/j.1365-2966.2011.19089.x,"Steiner J.F. et al. (2011) The spin of the black hole microquasar XTE J1550-564 via the continuum-fitting and Fe-line methods. MNRAS 416, 941",Most likely a = 0.34 (90%: -0.11 to 0.71; lower end clipped at 0.01); 9.1 Msun
gw151226-final,GW151226 remnant,merger,4.136e31,0.68,0.80,0.74,,,https://doi.org/10.1103/PhysRevLett.116.241103,"Abbott B.P. et al. (2016) GW151226: observation of gravitational waves from a 22-solar-mass binary black hole coalescence. PRL 116, 241103",20.8 Msun
gw170104-final,GW170104 remnant,merger,9.684e31,0.44,0.73,0.64,,,https://doi.org/10.1103/PhysRevLett.118.221101,"Abbott B.P. et al. (2017) GW170104: observation of a 50-solar-mass binary black hole coalescence at redshift 0.2. PRL 118, 221101",48.7 Msun
mcg-6-30-15,MCG-6-30-15,supermassive,3.98e36,0.987,0.998,0.989,,,https://doi.org/10.1086/508146,"Brenneman L.W. & Reynolds C.S. (2006) Constraining black hole spin via X-ray spectroscopy. ApJ 652, 1028",a > 0.987 from the broad iron line; mass about 2 million Msun (approximate)
ngc-1365,NGC 1365,supermassive,3.98e36,0.84,0.998,0.84,,,https://doi.org/10.1038/nature11938,"Risaliti G. et al. (2013) A rapidly spinning supermassive black hole at the centre of NGC 1365. Nature 494, 449",a >= 0.84 (lower limit) from XMM-Newton and NuSTAR; mass about 2 million Msun (approximate)
