id,name,category,size_m,charge_low_c,charge_high_c,charge_example_c,charge_max_c,max_basis,source_url,citation,notes
electron,Electron,particle,2.42631e-12,,,1.602176634e-19,,,https://physics.nist.gov/cuu/Constants/,"Tiesinga E. et al., CODATA 2022 recommended values, NIST",One elementary charge; size is its Compton wavelength
proton,Proton,particle,1.6815e-15,,,1.602176634e-19,,,https://physics.nist.gov/cuu/Constants/,"Tiesinga E. et al., CODATA 2022 recommended values, NIST",Surface field far above the Schwinger value: fine below the Compton scale
uranium,Uranium nucleus,particle,1.5123e-14,,,1.474e-17,,,https://doi.org/10.1016/j.adt.2011.12.006,"Angeli I. & Marinova K.P. (2013) Table of experimental nuclear ground state charge radii: an update. ADNDT 99, 69",92 elementary charges
oil-drop,Millikan oil drop,lab,2e-6,1.6022e-19,4.8e-18,1.6e-18,,,https://doi.org/10.1103/PhysRev.2.109,"Millikan R.A. (1913) On the elementary electrical charge and the Avogadro constant. Phys Rev 2, 109",Charges were always whole multiples of e
lightning,Lightning stroke (charge lowered),earth,5000,1,300,5,,,https://doi.org/10.1017/CBO9781107340886,"Rakov V.A. & Uman M.A. (2003) Lightning: Physics and Effects. Cambridge University Press",About 5 C per return stroke; positive flashes up to hundreds of coulombs
earth,Earth's surface charge,earth,1.2742e7,,,4.5e5,,,https://www.feynmanlectures.caltech.edu/II_09.html,"Feynman R.P., Leighton R.B. & Sands M. The Feynman Lectures on Physics, Vol. II, ch. 9: Electricity in the atmosphere",Computed from the 100 V/m fair-weather field
sun,Sun's net charge,astro,1.3914e9,,,77,,,https://doi.org/10.1051/0004-6361:20010533,"Neslusan L. (2001) On the global electrostatic charge of stars. A&A 372, 913",About 77 C: electrons escape until the star is slightly positive
dust-grain,Interplanetary dust grain,astro,1e-6,,,2.8e-16,,,https://doi.org/10.1146/annurev.astro.34.1.383,"Horanyi M. (1996) Charged dust dynamics in the solar system. ARA&A 34, 383",Sunlight knocks out photoelectrons until the grain sits near +5 V: about 1700 e on a 1 micron grain (computed)
rayleigh-droplet,Levitated droplet at the Rayleigh limit,lab,4.8e-5,,,1.9e-12,,,https://doi.org/10.1038/421128a,"Duft D. et al. (2003) Rayleigh jets from levitated microdroplets. Nature 421, 128",Ethylene glycol drop bursts into jets at 24 micron radius; charge computed from the Rayleigh limit (surface tension 0.048 N/m)
raindrop,Thunderstorm raindrop,earth,2e-3,,,6.7e-12,,,https://doi.org/10.1029/RG011i004p00903,"Takahashi T. (1973) Measurement of electric charge of cloud droplets, drizzle, and raindrops. Rev Geophys 11, 903",Largest charges observed in storms follow about 42 r^2 elementary charges (r in microns): 7 pC on a 2 mm drop
human-esd,Person after walking on carpet,lab,1.7,,,2.25e-6,,,https://webstore.iec.ch/en/publication/4189,"IEC 61000-4-2:2008 Electromagnetic compatibility: electrostatic discharge immunity test (150 pF body charged to up to 15 kV)",150 pF charged to 15 kV: the shock you feel from a door handle
spacecraft,ATS-6 satellite in eclipse,astro,3,,,3.2e-6,,,https://doi.org/10.1029/JA088iA07p05657,"Olsen R.C. & Purvis C.K. (1983) Observations of charging dynamics. J Geophys Res 88, 5657",Charged to -19 kV by hot magnetospheric electrons; charge computed for a 3 m body
lhc-beam,LHC proton beam (one ring),lab,8486,,,5.17e-5,,,https://doi.org/10.5170/CERN-2004-003-V-1,"Bruning O.S. et al. (eds.) (2004) LHC Design Report Vol. 1: The LHC Main Ring. CERN-2004-003",2808 bunches of 1.15e11 protons circling a 27 km ring
thundercloud,Thundercloud main negative charge,earth,4000,,,40,,,https://doi.org/10.1017/CBO9781107340886,"Rakov V.A. & Uman M.A. (2003) Lightning: Physics and Effects. Cambridge University Press",Classic tripole: about -40 C a few kilometres across at 6-8 km altitude (size approximate)
sgr-a-star,Sagittarius A* (Milky Way black hole),astro,2.54e10,,,3e8,,,https://doi.org/10.1093/mnras/sty2182,"Zajacek M. et al. (2018) On the charge of the Galactic centre black hole. MNRAS 480, 4408",Observational upper limit; the size is the horizon diameter of 4.3 million solar masses
