id,name,category,size_m,energy_low_j,energy_high_j,energy_example_j,energy_max_j,max_basis,source_url,citation,notes
he2,Helium dimer,weak,4.71e-9,,,2.434e-26,,,https://doi.org/10.1073/pnas.1610688113,"Zeller S. et al. (2016) Imaging the He2 quantum halo state using a free electron laser. PNAS 113, 14651",Weakest known molecular bond: 151.9 neV at a mean separation of 47 A
ar2,Argon dimer (van der Waals),weak,3.762e-10,,,1.974e-21,,,https://doi.org/10.1063/1.3478513,"Patkowski K. & Szalewicz K. (2010) Argon pair potential at basis set and excitation limits. J Chem Phys 133, 094304",Well depth 99.35 cm^-1
water-dimer,Water dimer (hydrogen bond),weak,2.98e-10,,,2.195e-20,,,https://doi.org/10.1063/1.3598339,"Rocher-Casterline B.E. et al. (2011) Determination of the bond dissociation energy (D0) of the water dimer by velocity map imaging. J Chem Phys 134, 211101",D0 = 1105 cm^-1 (13.2 kJ/mol); O-O distance
nacl,NaCl molecule (ionic),ionic,2.361e-10,,,6.777e-19,,,https://webbook.nist.gov/cgi/cbook.cgi?ID=C7647145&Mask=1000,"NIST Chemistry WebBook, NaCl constants of diatomic molecules",Gas-phase D0 about 4.23 eV
ethane-cc,C-C single bond,covalent,1.535e-10,,,6.26e-19,,,https://doi.org/10.1021/ar020230d,"Blanksby S.J. & Ellison G.B. (2003) Bond dissociation energies of organic molecules. Acc Chem Res 36, 255",H3C-CH3: 90.1 kcal/mol
ethylene-cc,C=C double bond,covalent,1.339e-10,,,1.21e-18,,,https://doi.org/10.1021/ar020230d,"Blanksby S.J. & Ellison G.B. (2003) Bond dissociation energies of organic molecules. Acc Chem Res 36, 255",H2C=CH2: 174.1 kcal/mol
acetylene-cc,C≡C triple bond,covalent,1.203e-10,,,1.603e-18,,,https://doi.org/10.1021/ar020230d,"Blanksby S.J. & Ellison G.B. (2003) Bond dissociation energies of organic molecules. Acc Chem Res 36, 255",HC≡CH: 230.7 kcal/mol
h2,H2 molecule,covalent,7.414e-11,,,7.175e-19,,,https://webbook.nist.gov/cgi/cbook.cgi?ID=C1333740&Mask=1000,"NIST Chemistry WebBook, H2 constants of diatomic molecules",D0 = 4.478 eV
n2,N2 molecule,covalent,1.0977e-10,,,1.564e-18,,,https://webbook.nist.gov/cgi/cbook.cgi?ID=C7727379&Mask=1000,"NIST Chemistry WebBook, N2 constants of diatomic molecules",D0 = 9.759 eV
co,CO molecule,covalent,1.128e-10,,,1.777e-18,,,https://webbook.nist.gov/cgi/cbook.cgi?ID=C630080&Mask=1000,"NIST Chemistry WebBook, CO constants of diatomic molecules",D0 = 11.09 eV: strongest chemical bond
h-atom,Hydrogen atom (ionisation),atomic,1.0584e-10,,,2.179e-18,,,https://physics.nist.gov/PhysRefData/ASD/ionEnergy.html,"Kramida A. et al., NIST Atomic Spectra Database: ionization energies",13.598 eV at two Bohr radii
rydberg-h,Rydberg hydrogen n=100,atomic,1.058e-6,,,2.179e-22,,,https://physics.nist.gov/PhysRefData/ASD/ionEnergy.html,"Kramida A. et al., NIST Atomic Spectra Database: ionization energies",Bohr model: 13.6 eV / n^2 at diameter 2 n^2 a0
deuteron,Deuteron,nuclear,4.256e-15,,,3.564e-13,,,https://doi.org/10.1088/1674-1137/abddaf,"Wang M. et al. (2021) The AME 2020 atomic mass evaluation (II). Chinese Physics C 45, 030003",Binding 2.2246 MeV; diameter twice the 2.128 fm charge radius
fe56,Iron-56 nucleus,nuclear,9.651e-15,,,7.887e-11,,,https://doi.org/10.1088/1674-1137/abddaf,"Wang M. et al. (2021) The AME 2020 atomic mass evaluation (II). Chinese Physics C 45, 030003",Total binding 492.3 MeV (8.79 MeV per nucleon)
u238,Uranium-238 nucleus,nuclear,1.5123e-14,,,2.887e-10,,,https://doi.org/10.1088/1674-1137/abddaf,"Wang M. et al. (2021) The AME 2020 atomic mass evaluation (II). Chinese Physics C 45, 030003",Total binding 1801.7 MeV
