id,name,category,width_m,flow_low_m3_s,flow_high_m3_s,flow_example_m3_s,flow_max_m3_s,max_basis,source_url,citation,notes
tap,Bathroom tap,human,0.02,,,9.46e-5,,,https://www.epa.gov/watersense/bathroom-faucets,"U.S. EPA WaterSense, Bathroom faucets (maximum 1.5 gallons per minute)",Aerator about 2 cm across
shower,Shower head,human,0.1,,,1.26e-4,,,https://www.epa.gov/watersense/showerheads,"U.S. EPA WaterSense, Showerheads (maximum 2.0 gallons per minute)",
aorta,Human aorta (cardiac output),living,0.025,6.67e-5,1.33e-4,8.33e-5,,,https://doi.org/10.1186/cc6975,"Vincent J.-L. (2008) Understanding cardiac output. Critical Care 12, 174",About 5 L/min at rest (4-8 L/min); aorta about 2.5 cm across
amazon,Amazon River,earth,2000,,,2.1e5,,,https://doi.org/10.1175/1525-7541(2002)003<0660:EOFDFC>2.0.CO;2,"Dai A. & Trenberth K.E. (2002) Estimates of freshwater discharge from continents: latitudinal and seasonal variations. J Hydrometeorol 3, 660",6642 km3 per year; channel width at Obidos about 2 km (approximate)
florida-current,Florida Current (Gulf Stream),earth,8e4,,,3.2e7,,,https://doi.org/10.1016/j.dsr.2010.04.001,"Meinen C.S., Baringer M.O. & Garcia R.F. (2010) Florida Current transport variability: an analysis of annual and longer-period signals. Deep-Sea Res I 57, 835",About 32 Sv through the Florida Straits (about 80 km wide)
acc,Antarctic Circumpolar Current,earth,8e5,,,1.733e8,,,https://doi.org/10.1002/2016GL070319,"Donohue K.A. et al. (2016) Mean Antarctic Circumpolar Current transport measured in Drake Passage. GRL 43, 11760",173.3 Sv through Drake Passage (about 800 km wide): the largest current on Earth
congo,Congo River,earth,1500,,,4.14e4,,,https://doi.org/10.1175/1525-7541(2002)003<0660:EOFDFC>2.0.CO;2,"Dai A. & Trenberth K.E. (2002) Estimates of freshwater discharge from continents: latitudinal and seasonal variations. J Hydrometeorol 3, 660",1308 km3 per year at the mouth; width at Kinshasa approximate
mississippi,Mississippi River,earth,1000,,,1.93e4,,,https://doi.org/10.1175/1525-7541(2002)003<0660:EOFDFC>2.0.CO;2,"Dai A. & Trenberth K.E. (2002) Estimates of freshwater discharge from continents: latitudinal and seasonal variations. J Hydrometeorol 3, 660",610 km3 per year at the mouth; width at Vicksburg approximate
danube,Danube River,earth,600,,,6.4e3,,,https://doi.org/10.1175/1525-7541(2002)003<0660:EOFDFC>2.0.CO;2,"Dai A. & Trenberth K.E. (2002) Estimates of freshwater discharge from continents: latitudinal and seasonal variations. J Hydrometeorol 3, 660",202 km3 per year at the mouth; width approximate
amoc,Atlantic overturning circulation at 26 N,earth,6e6,,,1.72e7,,,https://doi.org/10.1016/j.pocean.2014.10.006,"McCarthy G.D. et al. (2015) Measuring the Atlantic Meridional Overturning Circulation at 26 N. Prog Oceanogr 130, 91",17.2 Sv northward across the whole basin (basin width approximate)
