id,name,category,size_m,lifetime_low_s,lifetime_high_s,lifetime_example_s,lifetime_max_s,max_basis,source_url,citation,notes
top-quark,Top quark,particle,7.185e-18,,,4.6e-25,,,https://pdg.lbl.gov/,"Particle Data Group, Navas S. et al. (2024) Review of Particle Physics. Phys Rev D 110, 030001",tau = hbar / Gamma with Gamma = 1.42 GeV; size is h/mc
higgs,Higgs boson,particle,9.903e-18,,,1.6e-22,,,https://pdg.lbl.gov/,"Particle Data Group, Navas S. et al. (2024) Review of Particle Physics. Phys Rev D 110, 030001",Standard Model width 4.1 MeV; size is h/mc
muon,Muon,particle,1.173e-14,,,2.1969811e-6,,,https://pdg.lbl.gov/,"Particle Data Group, Navas S. et al. (2024) Review of Particle Physics. Phys Rev D 110, 030001",Mean life; size is h/mc
neutron,Free neutron,particle,1.7e-15,,,878.4,,,https://pdg.lbl.gov/,"Particle Data Group, Navas S. et al. (2024) Review of Particle Physics. Phys Rev D 110, 030001",Mean life 878.4 s
e-coli,E. coli generation,living,2e-6,,,1200,,,https://doi.org/10.1128/JB.01368-07,"Sezonov G., Joseleau-Petit D. & D'Ari R. (2007) Escherichia coli physiology in Luria-Bertani broth. J Bacteriol 189, 8746",About 20 min doubling time in rich medium
human,Human,human,1.7,,,2.313e9,3.864e9,none,https://doi.org/10.1126/science.279.5358.1831h,"Robine J.-M. & Allard M. (1998) The oldest human. Science 279, 1831; life expectancy from UN World Population Prospects 2024",Life expectancy 73.3 yr; cap is the 122.45 yr record (Jeanne Calment)
greenland-shark,Greenland shark,living,5,8.58e9,1.62e10,1.237e10,,,https://doi.org/10.1126/science.aaf1703,"Nielsen J. et al. (2016) Eye lens radiocarbon reveals centuries of longevity in the Greenland shark. Science 353, 702",392 +/- 120 years
bristlecone,Bristlecone pine,living,10,,,1.534e11,,,https://doi.org/10.2307/1934900,"Currey D.R. (1965) An ancient bristlecone pine stand in eastern Nevada. Ecology 46, 564",Prometheus tree: at least 4862 years
u238,Uranium-238 nucleus,particle,1.5123e-14,,,2.034e17,,,https://doi.org/10.1088/1674-1137/abddae,"Kondev F.G. et al. (2021) The NUBASE2020 evaluation of nuclear physics properties. Chinese Physics C 45, 030001",Half-life 4.468 Gyr; mean life shown
sun,Sun (main sequence),astro,1.3914e9,,,3.47e17,,,https://doi.org/10.1086/173407,"Sackmann I.-J., Boothroyd A.I. & Kraemer K.E. (1993) Our Sun. III. Present and future. ApJ 418, 457",About 11 Gyr on the main sequence
red-dwarf,Red dwarf (0.1 Msun),astro,1.67e8,,,1.89e20,,,https://doi.org/10.1086/304125,"Laughlin G., Bodenheimer P. & Adams F.C. (1997) The end of the main sequence. ApJ 482, 420",About 6 trillion years
xe124,Xenon-124 nucleus,particle,1.231e-14,,,8.2e29,,,https://doi.org/10.1038/s41586-019-1124-4,"XENON Collaboration (2019) Observation of two-neutrino double electron capture in 124Xe with XENON1T. Nature 568, 532",Half-life 1.8e22 yr: slowest decay ever measured
proton,Proton (lower bound),particle,1.6815e-15,7.57e41,,,,lower-bound,https://doi.org/10.1103/PhysRevD.102.112011,"Super-Kamiokande Collaboration, Takenaka A. et al. (2020) Search for proton decay via p to e+ pi0 and p to mu+ pi0 with an enlarged fiducial volume in Super-Kamiokande I-IV. PRD 102, 112011",Partial lifetime above 2.4e34 yr; no decay seen
bh-evaporation,10 Msun black hole evaporation,astro,5.9065e4,,,6.61e77,,,https://doi.org/10.1103/PhysRevD.13.198,"Page D.N. (1976) Particle emission rates from a black hole. Phys Rev D 13, 198",Computed from 5120 pi G^2 M^3 / (hbar c^4)
pion,Charged pion,particle,8.883e-15,,,2.6033e-8,,,https://pdg.lbl.gov/,"Particle Data Group, Navas S. et al. (2024) Review of Particle Physics. Phys Rev D 110, 030001",Mean life; size is h/mc
bi209,Bismuth-209 nucleus,particle,1.4255e-14,,,8.65e26,,,https://doi.org/10.1038/nature01541,"de Marcillac P. et al. (2003) Experimental detection of alpha-particles from the radioactive decay of natural bismuth. Nature 422, 876",Half-life 1.9e19 yr: long thought stable
