id,name,category,size_m,field_low_t,field_high_t,field_example_t,field_max_t,max_basis,source_url,citation,notes
brain,Human brain (MEG signal),living,0.15,1e-14,1e-12,1e-13,,,https://doi.org/10.1103/RevModPhys.65.413,"Hamalainen M. et al. (1993) Magnetoencephalography: theory, instrumentation, and applications to noninvasive studies of the working human brain. Rev Mod Phys 65, 413",Femtotesla to picotesla at the scalp
ism,Interstellar magnetic field,astro,3.0857e16,,,5e-10,,,https://doi.org/10.1103/RevModPhys.73.1031,"Ferriere K.M. (2001) The interstellar environment of our galaxy. Rev Mod Phys 73, 1031",About 5 microgauss
earth,Earth's surface field,earth,1.2742e7,2.5e-5,6.5e-5,5e-5,,,https://doi.org/10.1186/s40623-020-01288-x,"Alken P. et al. (2021) International Geomagnetic Reference Field: the thirteenth generation. Earth Planets Space 73, 49",25-65 microtesla
sunspot,Sunspot,astro,2e7,0.1,0.4,0.3,,,https://doi.org/10.1007/s00159-003-0018-4,"Solanki S.K. (2003) Sunspots: an overview of observational evidence. A&A Rev 11, 153",Umbral fields of a few kilogauss
mri,MRI scanner,lab,0.9,1.5,11.7,3,,,https://doi.org/10.1038/s41592-024-02472-7,"Boulant N. et al. (2024) In vivo imaging of the human brain with the Iseult 11.7-T MRI scanner. Nature Methods 21, 2013",Clinical 1.5-3 T; Iseult 11.7 T
hts-magnet,Strongest continuous lab field,lab,0.014,,,45.5,,,https://doi.org/10.1038/s41586-019-1293-1,"Hahn S. et al. (2019) 45.5-tesla direct-current magnetic field generated with a high-temperature superconducting magnet. Nature 570, 496",45.5 T DC
flux-compression,Strongest indoor pulsed field,lab,0.01,,,1200,,,https://doi.org/10.1063/1.5044557,"Nakamura D. et al. (2018) Record indoor magnetic field of 1200 T generated by electromagnetic flux-compression. Rev Sci Instrum 89, 095106",Destroys the coil in microseconds
white-dwarfs,Magnetic white dwarfs,astro,1.2e7,100,1e5,1e3,,,https://doi.org/10.1007/s11214-015-0152-0,"Ferrario L., de Martino D. & Gansicke B.T. (2015) Magnetic white dwarfs. Space Sci Rev 191, 111",1 kG to 1 GG
pulsars,Radio pulsars,astro,2.48e4,1e4,1e9,1e8,,,https://doi.org/10.1086/428488,"Manchester R.N. et al. (2005) The Australia Telescope National Facility pulsar catalogue. AJ 129, 1993",Millisecond pulsars to young pulsars
magnetars,Magnetars,astro,2.4e4,1e10,2e11,8e10,,,https://doi.org/10.1088/0067-0049/212/1/6,"Olausen S.A. & Kaspi V.M. (2014) The McGill magnetar catalog. ApJS 212, 6",SGR 1806-20 near 2e11 T: above the quantum critical field
