id,name,category,size_m,mass_low_kg,mass_high_kg,mass_example_kg,mass_max_kg,max_basis,source_url,citation,notes
electron,Electron,particle,2.42631e-12,,,9.1093837139e-31,,,https://physics.nist.gov/cuu/Constants/,"Tiesinga E. et al., CODATA 2022 recommended values, NIST",Point-like; plotted at its Compton wavelength so it sits on the quantum bound
proton,Proton,particle,1.6815e-15,,,1.67262192595e-27,,,https://physics.nist.gov/cuu/Constants/,"Tiesinga E. et al., CODATA 2022 recommended values, NIST",Diameter twice the 0.8408 fm charge radius
u238,Uranium-238 nucleus,particle,1.5123e-14,,,3.9529e-25,,,https://doi.org/10.1016/j.adt.2011.12.006,"Angeli I. & Marinova K.P. (2013) Table of experimental nuclear ground state charge radii: an update. ADNDT 99, 69",Equivalent uniform-sphere diameter from the 5.857 fm rms radius
hydrogen,Hydrogen atom,molecular,1.0584e-10,,,1.6735e-27,,,https://physics.nist.gov/cuu/Constants/,"Tiesinga E. et al., CODATA 2022 recommended values, NIST",Diameter two Bohr radii
sars-cov-2,SARS-CoV-2 virion,living,1e-7,,,1e-18,,,https://doi.org/10.7554/eLife.57309,"Bar-On Y.M. et al. (2020) SARS-CoV-2 (COVID-19) by the numbers. eLife 9, e57309",About 100 nm across and 1 fg
e-coli,E. coli bacterium,living,2e-6,,,1e-15,,,https://book.bionumbers.org/how-big-is-an-e-coli-cell-and-what-is-its-mass/,"Milo R. & Phillips R. (2015) Cell Biology by the Numbers: How big is an E. coli cell and what is its mass?",About 1 um3 and 1 pg wet mass
human,Human adult,human,1.7,,,62,,,https://doi.org/10.1186/1471-2458-12-439,"Walpole S.C. et al. (2012) The weight of nations: an estimation of adult human biomass. BMC Public Health 12, 439",Global mean adult mass 62 kg
blue-whale,Blue whale,living,33.5,,,1.5e5,,,https://www.fisheries.noaa.gov/species/blue-whale,"NOAA Fisheries, Blue whale species profile",Up to 110 ft and 330000 lb
earth,Earth,astro,1.2742e7,,,5.9722e24,,,https://nssdc.gsfc.nasa.gov/planetary/factsheet/,"Williams D.R., NASA Planetary Fact Sheet, NSSDCA (2024)",Mean diameter 12742 km
jupiter,Jupiter,astro,1.3982e8,,,1.89813e27,,,https://nssdc.gsfc.nasa.gov/planetary/factsheet/,"Williams D.R., NASA Planetary Fact Sheet, NSSDCA (2024)",Volumetric mean diameter
sun,Sun,astro,1.3914e9,,,1.98841e30,,,https://nssdc.gsfc.nasa.gov/planetary/factsheet/sunfact.html,"Williams D.R., NASA Sun Fact Sheet, NSSDCA (2024)",Nominal solar radius 695700 km
sirius-b,White dwarf Sirius B,astro,1.127e7,,,2.0242e30,2.7838e30,chandrasekhar,https://doi.org/10.3847/1538-4357/aa6af8,"Bond H.E. et al. (2017) The Sirius system and its astrophysical puzzles. ApJ 840, 70; radius 0.0081 Rsun from Joyce S.R.G. et al. (2018) MNRAS 479, 1612",1.018 Msun; cap is the Chandrasekhar mass 1.4 Msun
psr-j0740,Neutron star PSR J0740+6620,astro,2.478e4,,,4.1359e30,4.295e30,tov,https://doi.org/10.3847/2041-8213/ac0a81,"Riley T.E. et al. (2021) A NICER view of the massive pulsar PSR J0740+6620. ApJL 918, L27; cap from Rezzolla L. et al. (2018) ApJL 852, L25",2.08 Msun and 12.39 km radius; cap is the 2.16 Msun upper bound on neutron star mass
sgr-a,Sgr A* black hole,astro,2.53803e10,,,8.5442e36,,,https://doi.org/10.1051/0004-6361/202142465,"GRAVITY Collaboration (2022) Mass distribution in the Galactic Centre. A&A 657, L12",4.297e6 Msun at its Schwarzschild diameter: exactly on the black hole line
milky-way,Milky Way (with dark halo),astro,1.6107e22,,,3.0622e42,,,https://doi.org/10.3847/1538-4357/ab089f,"Watkins L.L. et al. (2019) Evidence for an intermediate-mass Milky Way from Gaia DR2 halo globular cluster motions. ApJ 873, 118",1.54e12 Msun within 261 kpc
universe-baryons,Observable universe (baryons),astro,8.7985e26,,,1.4985e53,,,https://doi.org/10.1051/0004-6361/201833910,"Planck Collaboration (2020) Planck 2018 results. VI. Cosmological parameters. A&A 641, A6",Omega_b h^2 = 0.02237 within 46.5 Gly; total mass-energy would cross the static black hole line
moon,Moon,astro,3.4748e6,,,7.342e22,,,https://nssdc.gsfc.nasa.gov/planetary/factsheet/,"Williams D.R., NASA Planetary Fact Sheet, NSSDCA (2024)",
gw190521,GW190521 remnant black hole,astro,8.3872e5,,,2.8234e32,,,https://doi.org/10.1103/PhysRevLett.125.101102,"Abbott R. et al. (2020) GW190521: a binary black hole merger with a total mass of 150 Msun. PRL 125, 101102",142 Msun at its Schwarzschild diameter
