id,name,category,density_kg_m3,strength_low_pa,strength_high_pa,strength_example_pa,strength_max_pa,max_basis,source_url,citation,notes
bone,Cortical bone,natural,1900,,,1.33e8,,,https://doi.org/10.1016/0021-9290(75)90075-5,"Reilly D.T. & Burstein A.H. (1975) The elastic and ultimate properties of compact bone tissue. J Biomech 8, 393",Longitudinal tensile strength 133 MPa
spider-silk,Spider silk,natural,1300,,,1.65e9,,,https://doi.org/10.1371/journal.pone.0011234,"Agnarsson I., Kuntner M. & Blackledge T.A. (2010) Bioprospecting finds the toughest biological material: extraordinary silk from a giant riverine orb spider. PLoS ONE 5, e11234",Darwin's bark spider dragline
aluminium,Aluminium alloys,metal,2700,1e8,5.7e8,5.7e8,,,https://doi.org/10.1016/B978-1-85617-663-7.00005-9,"Ashby M.F. (2011) Materials Selection in Mechanical Design, 4th ed., Butterworth-Heinemann",Cast alloys to 7075-T6
titanium,Titanium alloys,metal,4500,4e8,1.6e9,9.5e8,,,https://doi.org/10.1016/B978-1-85617-663-7.00005-9,"Ashby M.F. (2011) Materials Selection in Mechanical Design, 4th ed., Butterworth-Heinemann",Ti-6Al-4V marked at 950 MPa
steel,Steels,metal,7850,4e8,2.4e9,2.4e9,,,https://doi.org/10.1007/978-1-4471-4872-2_6,"Sha W. & Guo Z. (2013) Ultra high-strength maraging steel. In: Steels (Springer)",Structural steel to maraging steel
s-glass,Glass fibre,fibre,2490,3.4e9,4.6e9,4.6e9,,,https://doi.org/10.31399/asm.hb.v21.a0003353,"Wallenberger F.T., Watson J.C. & Li H. (2001) Glass fibers. ASM Handbook Vol. 21: Composites",E-glass to S-glass pristine fibre
kevlar,Aramid fibre (Kevlar 49),polymer,1440,,,3.6e9,,,https://doi.org/10.1002/app.22680,"Chae H.G. & Kumar S. (2006) Rigid-rod polymeric fibers. J Appl Polym Sci 100, 791",Para-aramid
uhmwpe,UHMWPE fibre (Dyneema),polymer,970,,,3.5e9,,,https://doi.org/10.1533/9781845696801.2.437,"Vlasblom M.P. & van Dingenen J.L.J. (2009) The manufacture, properties and applications of high strength, high modulus polyethylene fibers. Handbook of Tensile Properties of Textile and Technical Fibres",Floats on water
carbon-fibre,Carbon fibre,fibre,1790,3.5e9,7e9,7e9,,,https://doi.org/10.1016/B978-0-08-100550-7.00002-4,"Frank E. et al. (2017) High-performance PAN-based carbon fibers and their performance requirements. In: Structure and Properties of High-Performance Fibers",Standard to ultra-high-strength PAN fibres
cnt,Carbon nanotubes,nano,1600,1.1e10,6.3e10,6.3e10,,,https://doi.org/10.1126/science.287.5453.637,"Yu M.-F. et al. (2000) Strength and breaking mechanism of multiwalled carbon nanotubes under tensile load. Science 287, 637",Single tubes 11-63 GPa; density assumed 1600 kg/m3
diamond,Diamond nanoneedle,nano,3515,,,9.8e10,,,https://doi.org/10.1126/science.aar4165,"Banerjee A. et al. (2018) Ultralarge elastic deformation of nanoscale diamond. Science 360, 300",Local tensile stress about 89-98 GPa near the ideal limit
graphene,Graphene,nano,2267,,,1.3e11,,,https://doi.org/10.1126/science.1157996,"Lee C. et al. (2008) Measurement of the elastic properties and intrinsic strength of monolayer graphene. Science 321, 385",Intrinsic strength 130 GPa; density of graphite layers
