id,name,panel,category,value,low,high,source_url,citation,notes
humans-alive,People alive today,count,life,8.2e9,,,https://population.un.org/wpp/,"United Nations (2024) World Population Prospects 2024",
humans-ever,People who have ever lived,count,life,1.17e11,,,https://www.prb.org/articles/how-many-people-have-ever-lived-on-earth/,"Kaneda T. & Haub C. (2022) How many people have ever lived on Earth? Population Reference Bureau",About 117 billion since 190000 BCE
neurons,Neurons in a human brain,count,life,8.6e10,,,https://doi.org/10.1002/cne.21974,"Azevedo F.A.C. et al. (2009) Equal numbers of neuronal and nonneuronal cells make the human brain an isometrically scaled-up primate brain. J Comp Neurol 513, 532",
galaxies,Galaxies in the observable universe,count,cosmos,2e11,2e11,2e12,https://doi.org/10.3847/1538-4357/abc881,"Lauer T.R. et al. (2021) New Horizons observations of the cosmic optical background. ApJ 906, 77; upper value from Conselice C.J. et al. (2016) ApJ 830, 83",Hundreds of billions to two trillion
human-cells,Human cells in a body,count,life,3.0e13,,,https://doi.org/10.1371/journal.pbio.1002533,"Sender R., Fuchs S. & Milo R. (2016) Revised estimates for the number of human and bacteria cells in the body. PLoS Biol 14, e1002533",About 30 trillion; plus about 38 trillion bacteria
ants,Ants on Earth,count,earth,2e16,,,https://doi.org/10.1073/pnas.2201550119,"Schultheiss P. et al. (2022) The abundance, biomass, and distribution of ants on Earth. PNAS 119, e2201550119",20 quadrillion
avogadro,Avogadro's number (atoms in a mole),count,physics,6.02214076e23,,,https://physics.nist.gov/cgi-bin/cuu/Value?na,"NIST, CODATA value: Avogadro constant (exact since 2019)",
ocean-viruses,Viruses in the ocean,count,earth,1e30,,,https://doi.org/10.1038/nature04160,"Suttle C.A. (2005) Viruses in the sea. Nature 437, 356",
prokaryotes,Prokaryotes on Earth,count,earth,5e30,4e30,6e30,https://doi.org/10.1073/pnas.95.12.6578,"Whitman W.B., Coleman D.C. & Wiebe W.J. (1998) Prokaryotes: the unseen majority. PNAS 95, 6578",
atoms-universe,Atoms in the observable universe,count,cosmos,9e79,,,https://doi.org/10.1051/0004-6361/201833910,"Planck Collaboration (2020) Planck 2018 results. VI. Cosmological parameters. A&A 641, A6",Computed: baryon density times the volume within 46.5 Gly
lloyd-bits,Bits the universe could have registered,count,physics,1e90,,,https://doi.org/10.1103/PhysRevLett.88.237901,"Lloyd S. (2002) Computational capacity of the universe. PRL 88, 237901",Matter degrees of freedom; 1e120 including gravity
cmb-photons,Photons in the cosmic microwave background,count,cosmos,1.5e89,,,https://doi.org/10.1088/0004-637X/707/2/916,"Fixsen D.J. (2009) The temperature of the cosmic microwave background. ApJ 707, 916",Computed: 411 photons per cm3 at 2.7255 K over the observable universe
lloyd-ops,Operations the universe could have performed,count,physics,1e120,,,https://doi.org/10.1103/PhysRevLett.88.237901,"Lloyd S. (2002) Computational capacity of the universe. PRL 88, 237901",Since the Big Bang
chess,Chess game tree (Shannon number),count,games,1e120,,,https://doi.org/10.1080/14786445008521796,"Shannon C.E. (1950) Programming a computer for playing chess. Philosophical Magazine 41, 256",Rough estimate of possible games
go,Legal positions on a 19x19 Go board,count,games,2.08e170,,,https://tromp.github.io/go/legal.html,"Tromp J. (2016) Number of legal Go positions (exact count, computed with G. Farneback)",Exceeds the holographic bound: can be counted but never all written down
planck-volumes,Planck volumes in the observable universe,count,physics,8.4e184,,,https://physics.nist.gov/cgi-bin/cuu/Value?plkl,"NIST, CODATA value: Planck length",Computed: volume within 46.5 Gly divided by the Planck length cubed
