id,name,category,mass_kg,power_low_w,power_high_w,power_example_w,power_max_w,max_basis,source_url,citation,notes
brain,Human brain,living,1.4,,,20,,,https://doi.org/10.1073/pnas.172399499,"Raichle M.E. & Gusnard D.A. (2002) Appraising the brain's energy budget. PNAS 99, 10237",About 20 W: a fifth of resting metabolism
horse,Horse,living,600,750,1.11e4,1.11e4,,,https://doi.org/10.1038/364195a0,"Stevenson R.D. & Wassersug R.J. (1993) Horsepower from a horse. Nature 364, 195",Peak 14.9 hp measured; 1 hp = 746 W is a sustained rate; mass approximate
f1-engine,Saturn V F-1 rocket engine,human,8391,,,8.73e9,,,https://history.nasa.gov/SP-4206/ch4.htm,"Bilstein R.E. (1980) Stages to Saturn: a technological history of the Apollo/Saturn launch vehicles. NASA SP-4206",Jet power = thrust x exhaust speed / 2 with 6.77 MN and Isp 263 s
saturn-v,Saturn V at liftoff,human,2.97e6,,,4.37e10,,,https://history.nasa.gov/SP-4206/ch4.htm,"Bilstein R.E. (1980) Stages to Saturn: a technological history of the Apollo/Saturn launch vehicles. NASA SP-4206",Five F-1 engines
sun,Sun,astro,1.98841e30,,,3.828e26,2.50e31,eddington,https://nssdc.gsfc.nasa.gov/planetary/factsheet/sunfact.html,"Williams D.R., NASA Sun Fact Sheet, NSSDCA (2024)",Cap is the Eddington luminosity for one solar mass
quasar,Quasar J0529-4351,astro,3.38e40,,,2.0e41,2.14e41,eddington,https://doi.org/10.1038/s41550-024-02195-x,"Wolf C. et al. (2024) The accretion of a solar mass per day by a 17-billion solar mass black hole. Nature Astronomy 8, 520",Most luminous known quasar: close to its Eddington limit
gw150914,GW150914 merger (peak),astro,1.292e32,,,3.6e49,,,https://doi.org/10.1103/PhysRevLett.116.061102,"Abbott B.P. et al. (2016) Observation of gravitational waves from a binary black hole merger. PRL 116, 061102",Peak gravitational-wave luminosity 3.6e49 W: 1/1000 of c^5/G
human-basal,Human body at rest,living,70,,,80,,,https://doi.org/10.1079/PHN2005801,"Henry C.J.K. (2005) Basal metabolic rate studies in humans: measurement and development of new equations. Public Health Nutr 8, 1133",About 1700 kcal per day for a 70 kg adult (approximate)
sprinter,World-class track cyclist (peak),living,85,,,1600,,,https://doi.org/10.1055/s-2004-830493,"Dorel S. et al. (2005) Torque and power-velocity relationships in cycling: relevance to track sprint performance in world-class cyclists. Int J Sports Med 26, 739",Pmax 1600 +/- 116 W for a few seconds; body mass approximate
earth-heat,Earth's internal heat flow,astro,5.972e24,,,4.7e13,,,https://doi.org/10.5194/se-1-5-2010,"Davies J.H. & Davies D.R. (2010) Earth's surface heat flux. Solid Earth 1, 5",47 TW leaks out through the crust: radioactivity plus primordial heat
jupiter-heat,Jupiter's internal heat,astro,1.898e27,,,4.6e17,,,https://doi.org/10.1038/s41467-018-06107-2,"Li L. et al. (2018) Less absorbed solar energy and more internal heat for Jupiter. Nat Commun 9, 3709",7.485 W/m2 over the whole planet (computed): Jupiter is still cooling from its formation
crab-pulsar,Crab pulsar spin-down,astro,2.78e30,,,5e31,,,https://doi.org/10.1146/annurev.astro.45.051806.110608,"Hester J.J. (2008) The Crab Nebula: an astrophysical chimera. ARA&A 46, 127",5e38 erg/s drawn from the neutron star's rotation powers the whole nebula
r136a1,R136a1 (most massive known star),astro,5.27e32,,,3.33e33,,,https://doi.org/10.1111/j.1365-2966.2010.17167.x,"Crowther P.A. et al. (2010) The R136 star cluster hosts several stars whose individual masses greatly exceed the accepted 150 Msun stellar mass limit. MNRAS 408, 731",265 Msun and nearly 9 million suns: right at its Eddington limit (later estimates are somewhat lower)
