id,name,category,size_m,speed_low_m_s,speed_high_m_s,speed_example_m_s,speed_max_m_s,max_basis,source_url,citation,notes
bacteria,Swimming bacteria,living,2e-6,1.4e-5,1e-3,2e-5,,,https://doi.org/10.1016/j.femsec.2004.01.013,"Fenchel T. & Thar R. (2004) Candidatus Ovobacter propellens: a large conspicuous prokaryote with an unusual motility behaviour. FEMS Microbiol Ecol 48, 231; E. coli speed from Berg H.C. & Brown D.A. (1972) Nature 239, 500",E. coli about 14-20 um/s; Ovobacter up to 1 mm/s
sprinter,Human sprinter,human,1.8,1.4,10.44,10.44,,,https://worldathletics.org/records/by-category/world-records,"World Athletics, men's 100 m world record 9.58 s (Usain Bolt, 2009)",Walking 1.4 m/s to the 100 m record average
cheetah,Cheetah,living,1.2,,,25.9,,,https://doi.org/10.1038/nature12295,"Wilson A.M. et al. (2013) Locomotion dynamics of hunting in wild cheetahs. Nature 498, 185",Top measured speed in wild hunts 25.9 m/s
thrust-ssc,ThrustSSC land speed record,human,16.5,,,341.1,,,https://www.guinnessworldrecords.com/world-records/land-speed-(car),"Guinness World Records, land speed record (car): 1227.985 km/h, ThrustSSC, 1997",First supersonic land vehicle
voyager-1,Voyager 1,human,3.7,,,1.7e4,,,https://science.nasa.gov/mission/voyager/voyager-1/,"NASA Science, Voyager 1 mission page",Leaving the solar system at about 17 km/s; 3.7 m dish
parker,Parker Solar Probe,human,3,,,1.9222e5,,,https://www.guinnessworldrecords.com/world-records/66135-fastest-spacecraft-speed,"Guinness World Records, fastest spacecraft speed: 192.22 km/s, Parker Solar Probe, 24 Dec 2024",Fastest human-made object
earth-orbit,Earth in its orbit,astro,1.2742e7,,,2.978e4,4.212e4,escape,https://nssdc.gsfc.nasa.gov/planetary/factsheet/,"Williams D.R., NASA Planetary Fact Sheet, NSSDCA (2024)",Cap is solar escape speed at 1 AU (sqrt 2 times orbital speed)
sun-galactic,Sun around the Galaxy,astro,1.3914e9,,,2.29e5,,,https://doi.org/10.3847/1538-4357/aaf648,"Eilers A.-C. et al. (2019) The circular velocity curve of the Milky Way from 5 to 25 kpc. ApJ 871, 120",Circular speed 229 km/s at 8.122 kpc
s2-star,Star S2 at pericentre,astro,1e10,,,7.65e6,,,https://doi.org/10.1051/0004-6361/201833718,"GRAVITY Collaboration (2018) Detection of the gravitational redshift in the orbit of the star S2 near the Galactic centre massive black hole. A&A 615, L15",2.5 percent of light speed in May 2018; star size approximate
m87-jet,M87 jet,astro,4.6e19,,,2.94e8,,,https://doi.org/10.1086/307499,"Biretta J.A., Sparks W.B. & Macchetto F. (1999) Hubble Space Telescope observations of superluminal motion in the M87 jet. ApJ 520, 621",Apparent 6c superluminal motion implies at least 0.98c; 1.5 kpc jet
lhc-proton,LHC proton (6.8 TeV),lab,1.6815e-15,,,2.9979245515e8,,,https://home.cern/science/accelerators/large-hadron-collider,"CERN, The Large Hadron Collider (Run 3 beam energy 6.8 TeV)",Only 2.9 m/s slower than light
omg-particle,Oh-My-God cosmic ray,particle,1.6815e-15,,,2.99792458e8,,,https://doi.org/10.1086/175344,"Bird D.J. et al. (1995) Detection of a cosmic ray with measured energy well beyond the expected spectral cutoff due to microwave photons. ApJ 441, 144",3.2e20 eV proton; 1 - v/c is about 4e-24
