id,track,name,mass_kg,size_m,freq_hz,source_url,citation,notes
mercury,planets,Mercury,1.98841e30,1.15818e11,1.3157e-7,https://nssdc.gsfc.nasa.gov/planetary/factsheet/,"Williams D.R., NASA Planetary Fact Sheet, NSSDCA (2024)",Orbital period 87.969 d
venus,planets,Venus,1.98841e30,2.16418e11,5.1509e-8,https://nssdc.gsfc.nasa.gov/planetary/factsheet/,"Williams D.R., NASA Planetary Fact Sheet, NSSDCA (2024)",Orbital period 224.701 d
earth,planets,Earth,1.98841e30,2.99196e11,3.1688e-8,https://nssdc.gsfc.nasa.gov/planetary/factsheet/,"Williams D.R., NASA Planetary Fact Sheet, NSSDCA (2024)",Orbital period 365.256 d
mars,planets,Mars,1.98841e30,4.55878e11,1.6848e-8,https://nssdc.gsfc.nasa.gov/planetary/factsheet/,"Williams D.R., NASA Planetary Fact Sheet, NSSDCA (2024)",Orbital period 686.980 d
jupiter,planets,Jupiter,1.98841e30,1.55695e12,2.6714e-9,https://nssdc.gsfc.nasa.gov/planetary/factsheet/,"Williams D.R., NASA Planetary Fact Sheet, NSSDCA (2024)",Orbital period 4332.59 d
saturn,planets,Saturn,1.98841e30,2.86707e12,1.0757e-9,https://nssdc.gsfc.nasa.gov/planetary/factsheet/,"Williams D.R., NASA Planetary Fact Sheet, NSSDCA (2024)",Orbital period 10759.22 d
uranus,planets,Uranus,1.98841e30,5.74194e12,3.7719e-10,https://nssdc.gsfc.nasa.gov/planetary/factsheet/,"Williams D.R., NASA Planetary Fact Sheet, NSSDCA (2024)",Orbital period 30685.4 d
neptune,planets,Planet orbits,1.98841e30,8.99682e12,1.9230e-10,https://nssdc.gsfc.nasa.gov/planetary/factsheet/,"Williams D.R., NASA Planetary Fact Sheet, NSSDCA (2024)",Neptune: orbital period 60189 d
gw150914-17,gw150914,GW150914 inspiral,1.2925e32,1.78714e6,17.5,https://doi.org/10.1103/PhysRevLett.116.061102,"Abbott B.P. et al. (2016) Observation of gravitational waves from a binary black hole merger. PRL 116, 061102",Gravitational-wave frequency 35 Hz; total mass 65 Msun
gw150914-30,gw150914,GW150914 inspiral,1.2925e32,1.24768e6,30,https://doi.org/10.1103/PhysRevLett.116.061102,"Abbott B.P. et al. (2016) Observation of gravitational waves from a binary black hole merger. PRL 116, 061102",Separation from Kepler's third law
gw150914-50,gw150914,GW150914 inspiral,1.2925e32,8.8758e5,50,https://doi.org/10.1103/PhysRevLett.116.061102,"Abbott B.P. et al. (2016) Observation of gravitational waves from a binary black hole merger. PRL 116, 061102",Separation from Kepler's third law
gw150914-75,gw150914,GW150914 inspiral,1.2925e32,6.7735e5,75,https://doi.org/10.1103/PhysRevLett.116.061102,"Abbott B.P. et al. (2016) Observation of gravitational waves from a binary black hole merger. PRL 116, 061102",Separation from Kepler's third law
gw150914-100,gw150914,GW150914 inspiral,1.2925e32,5.5914e5,100,https://doi.org/10.1103/PhysRevLett.116.061102,"Abbott B.P. et al. (2016) Observation of gravitational waves from a binary black hole merger. PRL 116, 061102",Separation from Kepler's third law
gw150914-125,gw150914,GW150914 final orbits,1.2925e32,4.8185e5,125,https://doi.org/10.1103/PhysRevLett.116.061102,"Abbott B.P. et al. (2016) Observation of gravitational waves from a binary black hole merger. PRL 116, 061102",Peak gravitational-wave frequency 250 Hz just before merger
mw-5,milky-way,Milky Way rotation,1.2122e41,3.0857e20,2.3623e-16,https://doi.org/10.3847/1538-4357/aaf648,"Eilers A.-C. et al. (2019) The circular velocity curve of the Milky Way from 5 to 25 kpc. ApJ 871, 120",Flat curve near 229 km/s; enclosed mass v^2 r / G at 5 kpc
mw-sun,milky-way,Sun's galactic orbit,1.9691e41,5.0124e20,1.4543e-16,https://doi.org/10.3847/1538-4357/aaf648,"Eilers A.-C. et al. (2019) The circular velocity curve of the Milky Way from 5 to 25 kpc. ApJ 871, 120",Sun at 8.122 kpc; one orbit in about 218 Myr
mw-15,milky-way,Milky Way rotation,3.6367e41,9.2570e20,7.8743e-17,https://doi.org/10.3847/1538-4357/aaf648,"Eilers A.-C. et al. (2019) The circular velocity curve of the Milky Way from 5 to 25 kpc. ApJ 871, 120",15 kpc
mw-25,milky-way,Milky Way rotation,6.0612e41,1.5428e21,4.7246e-17,https://doi.org/10.3847/1538-4357/aaf648,"Eilers A.-C. et al. (2019) The circular velocity curve of the Milky Way from 5 to 25 kpc. ApJ 871, 120",25 kpc
