id,name,category,size_m,slowest_hz,fastest_hz,example_hz,max_hz,max_basis,source_url,citation,notes
h2,H2 molecule,molecular,7.41e-11,5.16e12,,5.16e12,6e13,centrifugal-dissociation,https://webbook.nist.gov/cgi/cbook.cgi?ID=C1333740&Mask=1000,"NIST Chemistry WebBook, H2 constants of diatomic molecules (Huber & Herzberg 1979)",Slowest nonzero spin is J=1: f = 2*sqrt(2)*B with B = 60.853 cm^-1; max is an order-of-magnitude estimate near the highest bound level
flagellar-motor,Bacterial flagellar motor,living,4.5e-8,10,1700,1700,,,https://doi.org/10.1038/371752b0,"Magariyama Y. et al. (1994) Very fast flagellar rotation. Nature 371, 752",Vibrio alginolyticus sodium-driven motor; tethered cells turn about 10 Hz
nanoparticle,Levitated nanoparticle,molecular,1.5e-7,1e3,5e9,5e9,6e9,material,https://doi.org/10.1038/s41565-019-0605-9,"Ahn J. et al. (2020) Ultrasensitive torque detection with an optically levitated nanorotor. Nature Nanotechnology 15, 89",Laser-spun silica nanoparticle above 5 GHz; rim near the strength limit of silica
dental-drill,Dental drill,human,8e-3,8,6700,6700,2e4,material,https://doi.org/10.1111/j.1834-7819.1995.tb04823.x,"Dyson J.E. & Darvell B.W. (1995) Dental air turbine handpiece performance testing. Australian Dental Journal 40, 330",Air turbines idle near 400000 rpm
centrifuge,Ultracentrifuge rotor,human,0.1,10,2500,2500,4000,material,https://www.beckman.com/centrifuges/ultracentrifuges/optima-max-xp,"Beckman Coulter, Optima MAX-XP benchtop ultracentrifuge specification",150000 rpm and over 1000000 g
car-wheel,Car wheel,human,0.65,0.1,40,40,60,material,https://unece.org/fileadmin/DAM/trans/main/wp29/wp29regs/r030r3e.pdf,"UNECE Regulation No. 30, pneumatic tyres: speed category symbols (Y = 300 km/h)",300 km/h on a 0.65 m tyre is about 40 turns per second
skater,Figure skater,human,1.7,0.3,5.7,5.7,,,https://www.guinnessworldrecords.com/world-records/fastest-spin-ice-skating,"Guinness World Records (2015) Fastest spin on ice skates: 342 rpm, Olivia Oliver",Record upright spin 342 rpm
wind-turbine,Wind turbine (15 MW),human,240,0.0833,0.126,0.126,,,https://www.nrel.gov/docs/fy20osti/75698.pdf,"Gaertner E. et al. (2020) Definition of the IEA 15-Megawatt Offshore Reference Wind Turbine. NREL/TP-5000-75698",240 m rotor; 5.0 rpm at cut-in to 7.56 rpm rated
small-asteroids,Small asteroids,astro,20,1e-6,0.063,0.063,,,https://doi.org/10.1016/j.icarus.2009.02.003,"Warner B.D., Harris A.W. & Pravec P. (2009) The asteroid lightcurve database. Icarus 202, 134",Monolithic fast rotators; 2014 RC turns in about 16 s
rubble-asteroids,Rubble-pile asteroids,astro,3e3,2.4e-7,1.26e-4,1.26e-4,1.26e-4,gravity,https://doi.org/10.1006/icar.2000.6482,"Pravec P. & Harris A.W. (2000) Fast and slow rotation of asteroids. Icarus 148, 12",Spin barrier near 2.2 h per turn
neutron-stars,Neutron stars,astro,2.48e4,4.16e-5,716,716,1500,gravity,https://doi.org/10.1126/science.1123430,"Hessels J.W.T. et al. (2006) A radio pulsar spinning at 716 Hz. Science 311, 1901; slowest: De Luca A. et al. (2006) Science 313, 814",PSR J1748-2446ad; slowest is 1E 161348-5055 at 6.67 h
stellar-bh,Stellar black holes (10 Msun),astro,5.9065e4,97,1517,1517,1615,black-hole,https://doi.org/10.1007/s11214-013-0003-9,"McClintock J.E., Narayan R. & Steiner J.F. (2014) Black hole spin via continuum fitting. Space Science Reviews 183, 295",Horizon frequency for spin a from 0.12 to 0.998; size is the Schwarzschild diameter
white-dwarfs,White dwarfs,astro,1.2e7,1e-5,0.0758,0.0758,0.26,gravity,https://doi.org/10.1126/science.1176252,"Mereghetti S. et al. (2009) An ultramassive, fast-spinning white dwarf in a peculiar binary system. Science 325, 1222",HD 49798 companion turns every 13.2 s; cap is breakup for a 1.3 Msun white dwarf
rocky-planets,Rocky planets,astro,1.2742e7,4.76e-8,1.1606e-5,1.1606e-5,1.98e-4,gravity,https://nssdc.gsfc.nasa.gov/planetary/factsheet/,"Williams D.R., NASA Planetary Fact Sheet, NSSDCA (2024)",Venus (243 d) to Earth (sidereal day 23.93 h)
gas-giants,Gas giants,astro,1.4298e8,1.61e-5,2.8e-5,2.8e-5,9.7e-5,gravity,https://nssdc.gsfc.nasa.gov/planetary/factsheet/,"Williams D.R., NASA Planetary Fact Sheet, NSSDCA (2024)",Uranus (17.24 h) to Jupiter (9.93 h)
sun-like,Sun-like stars,astro,1.3914e9,1.65e-7,5.8e-5,4.56e-7,1e-4,gravity,https://doi.org/10.1088/0067-0049/211/2/24,"McQuillan A., Mazeh T. & Aigrain S. (2014) Rotation periods of 34,030 Kepler main-sequence stars. ApJS 211, 24",Kepler periods 0.2 to 70 d; Sun marked at 25.4 d sidereal
sgr-a,Sgr A*,astro,2.5380e10,,,,3.759e-3,black-hole,https://doi.org/10.1051/0004-6361/202142465,"GRAVITY Collaboration (2022) Mass distribution in the Galactic Centre based on interferometric astrometry of multiple stellar orbits. A&A 657, L12",Mass 4.297e6 Msun; spin not measured so only the a = 1 cap is shown
betelgeuse,Betelgeuse,astro,1.063e12,,8.8e-10,8.8e-10,2.0e-8,gravity,https://doi.org/10.1051/0004-6361/201731761,"Kervella P. et al. (2018) The close circumstellar environment of Betelgeuse V. A&A 609, A67; radius from Joyce M. et al. (2020) ApJ 902, 63",About 36 years per turn; radius 764 Rsun
m87,M87* black hole,astro,3.8392e13,6.66e-7,1.74e-6,1.74e-6,2.485e-6,black-hole,https://doi.org/10.3847/2041-8213/ab0ec7,"Event Horizon Telescope Collaboration (2019) First M87 Event Horizon Telescope Results. I. ApJL 875, L1",Mass 6.5e9 Msun; spin a from 0.5 to 0.94
magnetars,Magnetars,astro,2.4e4,0.0847,0.735,0.132,,,https://doi.org/10.1088/0067-0049/212/1/6,"Olausen S.A. & Kaspi V.M. (2014) The McGill magnetar catalog. ApJS 212, 6",Periods 1.4-12 s; SGR 1806-20 marked at 7.55 s
