id,name,category,size_m,temperature_low_k,temperature_high_k,temperature_example_k,temperature_max_k,max_basis,source_url,citation,notes
bec,Coldest atom cloud,lab,5e-5,3.8e-11,1e-7,3.8e-11,,,https://doi.org/10.1103/PhysRevLett.127.100401,"Deppner C. et al. (2021) Collective-mode enhanced matter-wave optics. PRL 127, 100401",38 pK record; ordinary condensates near 100 nK
human,Human body,human,1.7,,,309.8,315,biology,https://doi.org/10.7554/eLife.49555,"Protsiv M. et al. (2020) Decreasing human body temperature in the United States since the industrial revolution. eLife 9, e49555",About 36.6 C; cap is lethal hyperthermia near 42 C
lightning,Lightning channel,human,0.02,,,3e4,,,https://www.nssl.noaa.gov/education/svrwx101/lightning/faq/,"NOAA National Severe Storms Laboratory, Lightning FAQ",Air in the channel heated to about 30000 K
earth-surface,Earth's surface,astro,1.2742e7,184,330,288,,,https://wmo.asu.edu/content/world-meteorological-organization-global-weather-climate-extremes-archive,"WMO Global Weather & Climate Extremes Archive",Vostok -89.2 C to Death Valley 56.7 C; mean 15 C
earth-core,Earth's inner core boundary,astro,2.44e6,,,6230,,,https://doi.org/10.1126/science.1233514,"Anzellini S. et al. (2013) Melting of iron at Earth's inner core boundary based on fast X-ray diffraction. Science 340, 464",6230 +/- 500 K
sun,Sun,astro,1.3914e9,5772,1.571e7,5772,,,https://nssdc.gsfc.nasa.gov/planetary/factsheet/sunfact.html,"Williams D.R., NASA Sun Fact Sheet, NSSDCA (2024)",Photosphere 5772 K to core 15.7 MK
qgp,Quark-gluon plasma,lab,1.4e-14,2.56e12,3.45e12,2.56e12,,,https://doi.org/10.1103/PhysRevLett.104.132301,"PHENIX Collaboration (2010) Enhanced production of direct photons in Au+Au collisions at 200 GeV and implications for the initial temperature. PRL 104, 132301",Direct-photon slopes 221 MeV (RHIC) to 297 MeV (LHC ALICE)
neutron-star,Neutron stars,astro,2.478e4,1e5,1e11,1e6,,,https://doi.org/10.1146/annurev.astro.42.053102.134013,"Yakovlev D.G. & Pethick C.J. (2004) Neutron star cooling. ARA&A 42, 169",Old surfaces near 1e5 K; newborn interiors 1e11 K
cluster-gas,Galaxy cluster gas,astro,3e22,1e7,1e8,5e7,,,https://doi.org/10.1103/RevModPhys.58.1,"Sarazin C.L. (1986) X-ray emission from clusters of galaxies. Rev Mod Phys 58, 1",Hot intracluster plasma across a megaparsec
cmb,Cosmic microwave background,astro,8.7985e26,,,2.72548,,,https://doi.org/10.1088/0004-637X/707/2/916,"Fixsen D.J. (2009) The temperature of the cosmic microwave background. ApJ 707, 916",Filling the observable universe
bh-hawking,Hawking glow of a 10 Msun black hole,astro,5.9065e4,,,6.17e-9,,,https://doi.org/10.1007/BF02345020,"Hawking S.W. (1975) Particle creation by black holes. Commun Math Phys 43, 199",Computed: colder than any laboratory record
venus,Venus surface,astro,1.2104e7,,,737,,,https://nssdc.gsfc.nasa.gov/planetary/factsheet/,"Williams D.R., NASA Planetary Fact Sheet, NSSDCA (2024)",Hottest planetary surface in the solar system
kstar,KSTAR fusion plasma (ions),lab,3.6,,,1e8,,,https://doi.org/10.1038/s41586-022-05008-1,"Han H. et al. (2022) A sustained high-temperature fusion plasma regime facilitated by fast ions. Nature 609, 269",100 million K held for 20 s
