id,name,category,gap_m,voltage_low_v,voltage_high_v,voltage_example_v,voltage_max_v,max_basis,source_url,citation,notes
hydrogen,Hydrogen atom,atomic,5.29177e-11,,,27.211,,,https://physics.nist.gov/cuu/Constants/,"Tiesinga E. et al., CODATA 2022 recommended values, NIST (Hartree energy / e)",Potential at one Bohr radius: 5e11 V/m
neuron,Nerve cell membrane,living,7e-9,,,0.07,,,https://doi.org/10.1113/jphysiol.1952.sp004764,"Hodgkin A.L. & Huxley A.F. (1952) A quantitative description of membrane current and its application to conduction and excitation in nerve. J Physiol 117, 500",About 70 mV across a 7 nm membrane: 10 million V/m
eel,Electric eel (Electrophorus voltai),living,2,,,860,,,https://doi.org/10.1038/s41467-019-11690-z,"de Santana C.D. et al. (2019) Unexpected species diversity in electric eels with a description of the strongest living bioelectricity generator. Nat Commun 10, 4000",860 V: the strongest living generator
wakefield,Laser plasma accelerator,human,0.2,,,8e9,,,https://doi.org/10.1103/PhysRevLett.122.084801,"Gonsalves A.J. et al. (2019) Petawatt laser guiding and electron beam acceleration to 8 GeV in a laser-heated capillary discharge waveguide. PRL 122, 084801",8 GeV gained in 20 cm
lightning,Lightning,earth,5000,1e8,1e9,3e8,,,https://doi.org/10.1017/CBO9781107340886,"Rakov V.A. & Uman M.A. (2003) Lightning: Physics and Effects. Cambridge University Press",Hundreds of megavolts over kilometres
global-circuit,Earth-ionosphere potential,earth,6e4,,,2.5e5,,,https://doi.org/10.1016/S1364-6826(00)00112-7,"Rycroft M.J., Israelsson S. & Price C. (2000) The global atmospheric electric circuit, solar activity and climate change. J Atmos Sol-Terr Phys 62, 1563",About 250 kV between ground and ionosphere
pulsar-gap,Pulsar polar cap,astro,1000,1e12,1e16,1e13,,,https://doi.org/10.1086/150119,"Goldreich P. & Julian W.H. (1969) Pulsar electrodynamics. ApJ 157, 869",Rotating magnetised neutron stars are unipolar inductors; gap size approximate
mitochondrion,Mitochondrial inner membrane,living,5e-9,0.15,0.18,0.16,,,https://doi.org/10.1016/j.ab.2017.07.009,"Zorova L.D. et al. (2018) Mitochondrial membrane potential. Anal Biochem 552, 50",150-180 mV across a membrane about 5 nm thick: 3e7 V/m drives ATP synthesis
esd-spark,Static shock from a fingertip,human,5e-3,,,1.5e4,,,https://webstore.iec.ch/en/publication/4189,"IEC 61000-4-2:2008 Electromagnetic compatibility: electrostatic discharge immunity test",Up to 15 kV jumps a gap of a few millimetres (gap approximate)
fair-weather,Fair-weather field from head to feet,earth,1.8,,,180,,,https://www.feynmanlectures.caltech.edu/II_09.html,"Feynman R.P., Leighton R.B. & Sands M. The Feynman Lectures on Physics, Vol. II, ch. 9: Electricity in the atmosphere",100 V/m near the ground: about 200 V over a standing person's height
polar-cap,Polar cap potential across the auroral oval,earth,3e6,2e4,2e5,6e4,,,https://doi.org/10.1029/96JA01742,"Boyle C.B., Reiff P.H. & Hairston M.R. (1997) Empirical polar cap potentials. J Geophys Res 102, 111",The solar wind drives tens to hundreds of kilovolts across the polar cap (width approximate)
io,Io moving through Jupiter's field,astro,3.643e6,,,4e5,,,https://doi.org/10.1086/149947,"Goldreich P. & Lynden-Bell D. (1969) Io, a Jovian unipolar inductor. ApJ 156, 59",Io crosses about 1.9 microtesla at 57 km/s: v B d is about 0.4 MV across the moon (computed)
blandford-znajek,Spinning supermassive black hole,astro,5.9e11,,,1e20,,,https://doi.org/10.1093/mnras/179.3.433,"Blandford R.D. & Znajek R.L. (1977) Electromagnetic extraction of energy from Kerr black holes. MNRAS 179, 433",About 1e20 V for 1e8 solar masses threading 1 T; size is the horizon diameter
